Häufigste Suchanfragen,Klicks,Impressionen,CTR,Position
ferber monheim,37,53,69.81%,1.02
metzgerei ferber monheim,4,13,30.77%,2
hotel ferber monheim,4,10,40%,1
ferber monheim öffnungszeiten,4,7,57.14%,1.43
ferber monheim insolvenzverfahren,3,17,17.65%,2.24
ferber monheim catering,3,7,42.86%,1
krone monheim,3,6,50%,1
restaurant monheim,2,25,8%,13.08
restaurant monheim bayern,2,9,22.22%,1.22
restaurants monheim bayern,2,8,25%,1.5
ferber monheim restaurant,2,7,28.57%,1
steakhaus monheim,2,7,28.57%,1.29
monheim bayern biergarten,2,5,40%,1.4
das restaurant by ferber,2,3,66.67%,1
biergarten monheim,1,62,1.61%,7.15
biergarten monheim schwaben,1,51,1.96%,6.33
metzgerei monheim,1,28,3.57%,3
ferber,1,25,4%,7.36
übernachtung donauwörth,1,13,7.69%,7.77
donauwörth übernachtung,1,12,8.33%,4.67
ferber monheim speisekarte,1,10,10%,1
metzgerei ferber,1,7,14.29%,2.86
metzgerei monheim am rhein,1,4,25%,7.25
biergarten ferber monheim öffnungszeiten,1,3,33.33%,1.33
biergarten in der nähe,1,3,33.33%,8
biergärten in der nähe,1,1,100%,1
hotel krone monheim,1,1,100%,1
pensionen donauwörth,1,1,100%,1
restaurant ferber monheim,1,1,100%,1
donauwörth hotel,0,26,0%,7.19
hotel donauwörth,0,22,0%,13.27
pension donauwörth,0,21,0%,4.52
monheim hotel,0,19,0%,8.68
monheim biergarten,0,18,0%,10.83
biergarten monheim bayern,0,15,0%,3.33
restaurant in der nähe,0,14,0%,1.57
undiskutabel,0,14,0%,9
hotel rain am lech,0,13,0%,7.85
restaurants,0,12,0%,2.83
bed and breakfast bayern,0,12,0%,6.25
monheim restaurant,0,11,0%,4.55
hotel in der nähe,0,10,0%,11.9
monheim bayern restaurant,0,8,0%,3.62
hotels,0,7,0%,3.14
unterkunft donauwörth,0,7,0%,3.14
donauwörth unterkunft,0,7,0%,3.71
donauwörth unterkünfte,0,7,0%,6.14
hotels otting,0,7,0%,9.71
donauwörth hotels,0,7,0%,15.86
pension ferber monheim,0,6,0%,1
metzger monheim,0,6,0%,4
steakhaus speisekarte,0,6,0%,6
biergarten monheim speisekarte,0,6,0%,6.67
hotels marxheim,0,6,0%,13.83
hotels kaisheim,0,6,0%,14.17
hotels dollnstein,0,6,0%,18.33
hotels with free breakfast,0,5,0%,1.2
bed and breakfast donauwörth,0,5,0%,2
bed and breakfast blenheim,0,5,0%,3
solnhofen unterkunft,0,5,0%,12
rain am lech hotel,0,5,0%,12.6
hotels wemding,0,5,0%,19.2
bar monheim,0,5,0%,26.4
metzgerei in der nähe,0,4,0%,1.75
essen in der nähe,0,4,0%,4.5
roland ferber,0,4,0%,6.75
harburg übernachtung,0,4,0%,14.25
pension monheim,0,4,0%,15.75
mörnsheim hotels,0,4,0%,17
hotels treuchtlingen,0,4,0%,21.5
monheim baumberg restaurant,0,4,0%,35.25
donauwörth pension,0,3,0%,1.33
monheim essen,0,3,0%,1.67
best cheap eats near me,0,3,0%,2
monheim metzgerei,0,3,0%,2.33
b&b hotel,0,3,0%,3
best restaurants near me open,0,3,0%,3
biergarten monheim öffnungszeiten,0,3,0%,3
best restaurants near me,0,3,0%,4.33
färber restaurant,0,3,0%,5
monheim eventlocation,0,3,0%,6.33
hotel in rain am lech,0,3,0%,10
treuchtlingen übernachtung,0,3,0%,10
treuchtlingen unterkünfte,0,3,0%,12.67
hotels mörnsheim,0,3,0%,13.33
hotel wemding,0,3,0%,13.67
familienhotel buchen,0,3,0%,14
marxheim hotels,0,3,0%,14
hotels in donauwörth,0,3,0%,14.67
burgheim hotels,0,3,0%,16.33
gastronomie monheim,0,3,0%,20.33
am kamin monheim,0,3,0%,31.67
virginia monheim,0,3,0%,49
monberg,0,3,0%,53.33
bed and breakfast,0,2,0%,1
essen in der nähe 1 €-20 €,0,2,0%,1
familienfreundliches hotel,0,2,0%,1
pizzeria in der nähe,0,2,0%,1
where to eat breakfast,0,2,0%,1
best places to eat near me,0,2,0%,1.5
burger,0,2,0%,1.5
mejores hoteles baratos,0,2,0%,1.5
restaurant,0,2,0%,1.5
restaurant near me,0,2,0%,1.5
restaurants in der nähe,0,2,0%,1.5
steak essen in der nähe,0,2,0%,1.5
biergarten in monheim,0,2,0%,2
hotel deals this weekend,0,2,0%,2
monheim gastronomie,0,2,0%,2
restaurants in der nähe von meinem standort jetzt geöffnet,0,2,0%,2
unterkunft mit hund bayern,0,2,0%,2
migliori ristoranti vicino a me,0,2,0%,2.5
florian ferber,0,2,0%,3
italiener monheim,0,2,0%,3
kneipe monheim,0,2,0%,3
steakhaus,0,2,0%,3
steakhouse in der nähe,0,2,0%,3
monheim italiener,0,2,0%,5
restaurant in monheim,0,2,0%,5
essen gehen in der nähe,0,2,0%,5.5
stadl,0,2,0%,5.5
durchgehend warme küche in der nähe,0,2,0%,6
restaurants umgebung,0,2,0%,6
sunday hotels,0,2,0%,6
solnhofen übernachtung,0,2,0%,7
günstige übernachtung donauwörth,0,2,0%,7.5
hotel krone,0,2,0%,7.5
pension in der nähe,0,2,0%,7.5
steak ribeye,0,2,0%,7.5
hotel mit modernen zimmern bayern,0,2,0%,8
hotels in der nähe,0,2,0%,8
inder monheim,0,2,0%,8
treuchtlingen pension,0,2,0%,10
hotels wettelsheim,0,2,0%,10.5
ferber restaurant,0,2,0%,11
hotel drei kronen,0,2,0%,11
b&b hotel in der nähe,0,2,0%,12
café monheim bayern,0,2,0%,12
ungarisches restaurant in der nähe,0,2,0%,12
treuchtlingen unterkunft,0,2,0%,12.5
hotel rain,0,2,0%,13
hoteles dollnstein,0,2,0%,13
hotels solnhofen,0,2,0%,13
donauwörth übernachtung mit frühstück,0,2,0%,13.5
restaurant färber,0,2,0%,13.5
dollnstein hoteles,0,2,0%,14
übernachtung treuchtlingen,0,2,0%,14
hotel buchen,0,2,0%,14.5
übernachten in treuchtlingen,0,2,0%,14.5
übernachtung harburg,0,2,0%,14.5
hotel in rain,0,2,0%,15
hotels donauwörth,0,2,0%,15
hotels burgheim,0,2,0%,17
restaurants monheim,0,2,0%,19.5
dollnstein hotels,0,2,0%,21
hotels genderkingen,0,2,0%,21
hotels in wemding,0,2,0%,22
monheim restaurants,0,2,0%,24
jacobi monheim,0,2,0%,25
vegetarisches restaurant monheim,0,2,0%,31
monheim restaurant altstadt,0,2,0%,31.5
veganes restaurant monheim,0,2,0%,32.5
holz und feuer monheim,0,2,0%,34.5
metzgerei jacobi monheim,0,2,0%,37
baumberg restaurant,0,2,0%,45.5
team b döner,0,2,0%,58
döner monheim,0,2,0%,66.5
b and b,0,1,0%,1
bed and breakfast bavaria,0,1,0%,1
bed und breakfast,0,1,0%,1
best beef wellington near me,0,1,0%,1
beste restaurants in der nähe,0,1,0%,1
cassoulet near me,0,1,0%,1
ferber hotel,0,1,0%,1
hotel economici vicino,0,1,0%,1
hotels und pensionen,0,1,0%,1
lieferservice monheim,0,1,0%,1
restaurant d,0,1,0%,1
restaurantes perto de mim,0,1,0%,1
restaurants in de buurt van mijn locatie,0,1,0%,1
umkreis 10 km,0,1,0%,1
unterkunft solnhofen,0,1,0%,1
übernachten in donauwörth,0,1,0%,1
b und b hotel,0,1,0%,2
best places to eat,0,1,0%,2
best restaurants nearby,0,1,0%,2
best wiener schnitzel near me,0,1,0%,2
bett und bike donauwörth,0,1,0%,2
bnb in der nähe,0,1,0%,2
die uhrzeit,0,1,0%,2
gault millau in der nähe,0,1,0%,2
grieche monheim,0,1,0%,2
hoteis baratos perto,0,1,0%,2
hoteles baratos cerca,0,1,0%,2
lunch in my city,0,1,0%,2
restaurantes cerca de mi,0,1,0%,2
steakhouse,0,1,0%,2
wo essen gehen,0,1,0%,2
bed & breakfast,0,1,0%,3
cafe ferber,0,1,0%,3
dog friendly hotels,0,1,0%,3
essen gehen mit kindern in der nähe,0,1,0%,3
stadl hochzeit,0,1,0%,3
ferber cafe,0,1,0%,4
gaststätte in der nähe,0,1,0%,4
gutes restaurant in der nähe,0,1,0%,4
hotelzimmer günstig buchen,0,1,0%,4
steak restaurant in der nähe,0,1,0%,4
best brunch spots near me,0,1,0%,5
beste restaurants nahe,0,1,0%,5
beste übernachtungsmöglichkeiten,0,1,0%,5
biergarten,0,1,0%,5
hotel in dollnstein,0,1,0%,5
metzgereien,0,1,0%,5
steah,0,1,0%,5
ulrich ferber hotel,0,1,0%,5
where to eat healthy,0,1,0%,5
wirtschaft,0,1,0%,5
google hotel budget,0,1,0%,6
metzgerei,0,1,0%,6
monheim essen gehen,0,1,0%,6
steak house in der nähe,0,1,0%,6
gaststätten in der nähe,0,1,0%,7
gutes steak restaurant in der nähe,0,1,0%,7
ja,0,1,0%,7
bed and breakfast in der nähe,0,1,0%,8
hotel in donauworth,0,1,0%,8
mcdonalds monheim bayern,0,1,0%,8
stefanie ferber,0,1,0%,8
bnb,0,1,0%,9
fio monheim,0,1,0%,10
übernachtung rain am lech,0,1,0%,10
unterkunft treuchtlingen,0,1,0%,11
wemding hotel,0,1,0%,11
hotel,0,1,0%,12
b & b,0,1,0%,13
hotel mit hund bayern,0,1,0%,13
kaisheim hotels,0,1,0%,13
rain am lech hoteles,0,1,0%,13
steakhaus menü,0,1,0%,13
wein kaufen monheim schwaben,0,1,0%,13
hotel in wemding,0,1,0%,14
pensionen mittelfranken,0,1,0%,14
solnhofen hotels,0,1,0%,14
unterkunft donauwörth günstig,0,1,0%,14
wieshof,0,1,0%,14
kinderhotels,0,1,0%,15
solnhofen hotel,0,1,0%,15
treuchtlingen übernachtung mit frühstück,0,1,0%,15
restaurant ferber aachen,0,1,0%,20
burgheim hotel,0,1,0%,21
genderkingen hotels,0,1,0%,21
hotel ohne kinder bayern,0,1,0%,21
hoteles treuchtlingen,0,1,0%,21
hotels kinder bayern,0,1,0%,21
unterkünfte mittelfranken,0,1,0%,21
rain am lech hotels,0,1,0%,22
treuchtlingen hotels,0,1,0%,22
thum monheim,0,1,0%,24
restaurant monheim baumberg,0,1,0%,30
restaurants monheim baumberg,0,1,0%,30
restaurants in monheim am rhein,0,1,0%,34
culinarium monheim,0,1,0%,37
neues restaurant monheim am rhein,0,1,0%,39
hotel baumberger rheinterrassen monheim,0,1,0%,46
restaurant baumberg,0,1,0%,46
monheim virginia,0,1,0%,48
zum schwan monheim,0,1,0%,54
fuchsbau baumberg,0,1,0%,58
hotel laber,0,1,0%,59
feststadel,0,1,0%,69
hotel laber solingen,0,1,0%,72
pappenheim übernachtung,0,1,0%,82